# Hand-written SEED list of common INCI-style names. NOT derived from CosIng; carries no functions, CAS or regulatory data.
# Replace/extend with `scripts/import_cosing.py --cosing-file <official file>` once the official glossary is available.
# columns: inci_name|category|aliases   (aliases: ALIAS:kind;ALIAS:kind  kind=slash_synonym|common_name|trade_name)
inci_name|category|aliases
AQUA||WATER:common_name;EAU:slash_synonym;AQUA/WATER:slash_synonym;AQUA/WATER/EAU:slash_synonym;PURIFIED WATER:common_name
PARFUM|fragrance|FRAGRANCE:common_name;AROMA:common_name;PARFUM/FRAGRANCE:slash_synonym
GLYCERIN||GLYCEROL:common_name
ISOPROPYL PALMITATE||
CETYL ALCOHOL||
CETEARYL ALCOHOL||
STEARYL ALCOHOL||
BEHENYL ALCOHOL||
CETEARETH-20||
CETEARETH-12||
PANTHENOL||
PANTOLACTONE||
NIACINAMIDE||
TOCOPHERYL ACETATE||
TOCOPHEROL||
DIMETHICONE||
DIMETHICONOL||
CYCLOPENTASILOXANE||
CYCLOHEXASILOXANE||
PEG-10 DIMETHICONE||
PEG-100 STEARATE||
PEG-40 HYDROGENATED CASTOR OIL||
PERSEA GRATISSIMA OIL||AVOCADO OIL:common_name
HELIANTHUS ANNUUS SEED OIL||SUNFLOWER SEED OIL:common_name
COCOS NUCIFERA OIL||COCONUT OIL:common_name
BUTYROSPERMUM PARKII BUTTER||SHEA BUTTER:common_name
SIMMONDSIA CHINENSIS SEED OIL||JOJOBA OIL:common_name
PRUNUS AMYGDALUS DULCIS OIL||SWEET ALMOND OIL:common_name
OLEA EUROPAEA FRUIT OIL||OLIVE OIL:common_name
RICINUS COMMUNIS SEED OIL||CASTOR OIL:common_name
ARGANIA SPINOSA KERNEL OIL||ARGAN OIL:common_name
GLYCERYL STEARATE||
GLYCERYL STEARATE SE||
GLYCERYL OLEATE||
GLYCERYL CAPRYLATE||
GLYCOL DISTEARATE||
SODIUM BENZOATE||
POTASSIUM SORBATE||
SORBIC ACID||
BENZOIC ACID||
BENZYL ALCOHOL||
BENZYL BENZOATE||
BENZYL SALICYLATE||
CITRIC ACID||
LACTIC ACID||
GLYCOLIC ACID||
SALICYLIC ACID||
MANDELIC ACID||
ASCORBIC ACID||
ASCORBYL GLUCOSIDE||
SODIUM ASCORBYL PHOSPHATE||
RETINOL||
RETINYL PALMITATE||
RETINAL||
ADAPALENE||
BENZOYL PEROXIDE||
AZELAIC ACID||
TRANEXAMIC ACID||
ALPHA-ARBUTIN||
KOJIC ACID||
PHENOXYETHANOL||
ETHYLHEXYLGLYCERIN||
CAPRYLYL GLYCOL||
CHLORPHENESIN||
1,2-HEXANEDIOL||
PENTYLENE GLYCOL||
PROPANEDIOL||
PROPYLENE GLYCOL||
BUTYLENE GLYCOL||
DIPROPYLENE GLYCOL||
ETHOXYDIGLYCOL||
DIMETHYL ISOSORBIDE||
SODIUM HYALURONATE||
HYALURONIC ACID||
CARBOMER||
XANTHAN GUM||
GUAR HYDROXYPROPYLTRIMONIUM CHLORIDE||
HYDROXYETHYLCELLULOSE||
SODIUM POLYACRYLATE||
ACRYLATES/C10-30 ALKYL ACRYLATE CROSSPOLYMER||
SODIUM ACRYLATES COPOLYMER||
POLYHYDROXYSTEARIC ACID||
SODIUM HYDROXIDE||
POTASSIUM HYDROXIDE||
TRIETHANOLAMINE||
DISODIUM EDTA||
TETRASODIUM EDTA||
SODIUM CHLORIDE||
MAGNESIUM SULFATE||
MAGNESIUM ALUMINUM SILICATE||
STEARIC ACID||
PALMITIC ACID||
MYRISTIC ACID||
LAURIC ACID||
OLEIC ACID||
CAPRYLIC/CAPRIC TRIGLYCERIDE||
COCO-CAPRYLATE/CAPRATE||
C12-15 ALKYL BENZOATE||
ISONONYL ISONONANOATE||
ISOPROPYL MYRISTATE||
MYRISTYL MYRISTATE||
ETHYLHEXYL PALMITATE||
CAPRYLIC/CAPRIC/SUCCINIC TRIGLYCERIDE||
SQUALANE||
SQUALENE||
MINERAL OIL||PARAFFINUM LIQUIDUM:slash_synonym
PETROLATUM||PETROLEUM JELLY:common_name
PARAFFIN||
CERA ALBA||BEESWAX:common_name
CERA MICROCRISTALLINA||
LANOLIN||
CERAMIDE NP||
CERAMIDE AP||
CERAMIDE EOP||
PHYTOSPHINGOSINE||
CHOLESTEROL||
ALLANTOIN||
BISABOLOL||
CAFFEINE||
UREA||
SODIUM PCA||
ZINC PCA||
SODIUM LACTATE||
ZINC OXIDE||
TITANIUM DIOXIDE||
IRON OXIDES||
MICA||
SILICA||
TALC||
KAOLIN||
BENTONITE||
ALUMINA||
HOMOSALATE||
OCTISALATE||ETHYLHEXYL SALICYLATE:slash_synonym
ETHYLHEXYL SALICYLATE||
OCTOCRYLENE||
AVOBENZONE||BUTYL METHOXYDIBENZOYLMETHANE:slash_synonym
BUTYL METHOXYDIBENZOYLMETHANE||
ETHYLHEXYL METHOXYCINNAMATE||
BIS-ETHYLHEXYLOXYPHENOL METHOXYPHENYL TRIAZINE||
DIETHYLAMINO HYDROXYBENZOYL HEXYL BENZOATE||
ALCOHOL||
ALCOHOL DENAT.||
ETHANOL||
ISOPROPYL ALCOHOL||
SODIUM LAURYL SULFATE||
SODIUM LAURETH SULFATE||
AMMONIUM LAURYL SULFATE||
COCAMIDOPROPYL BETAINE||
SODIUM COCOYL ISETHIONATE||
DECYL GLUCOSIDE||
CETEARYL GLUCOSIDE||
LAURYL GLUCOSIDE||
POLYSORBATE 20||
POLYSORBATE 60||
POLYSORBATE 80||
SORBITAN OLEATE||
SORBITAN STEARATE||
SORBITAN ISOSTEARATE||
ISOCETETH-20||
STEARETH-2||
STEARETH-21||
CETETH-20||
LECITHIN||
HYDROGENATED LECITHIN||
LIMONENE||
LINALOOL||
CITRAL||
GERANIOL||
EUGENOL||
ISOEUGENOL||
COUMARIN||
CITRONELLOL||
FARNESOL||
HEXYL CINNAMAL||
AMYL CINNAMAL||
CINNAMAL||
CINNAMYL ALCOHOL||
HYDROXYCITRONELLAL||
BUTYLPHENYL METHYLPROPIONAL||
ALPHA-ISOMETHYL IONONE||
BENZYL CINNAMATE||
ANISE ALCOHOL||
METHYLISOTHIAZOLINONE||
METHYLCHLOROISOTHIAZOLINONE||
BENZISOTHIAZOLINONE||
DMDM HYDANTOIN||
QUATERNIUM-15||
IMIDAZOLIDINYL UREA||
DIAZOLIDINYL UREA||
METHYLPARABEN||
ETHYLPARABEN||
PROPYLPARABEN||
BUTYLPARABEN||
ISOBUTYLPARABEN||
IODOPROPYNYL BUTYLCARBAMATE||
DEHYDROACETIC ACID||
SODIUM DEHYDROACETATE||
CAPRYLHYDROXAMIC ACID||
TRISODIUM ETHYLENEDIAMINE DISUCCINATE||
GLUCONOLACTONE||
BETAINE||
PROLINE||
SERINE||
ARGININE||
PANTHENYL ETHYL ETHER||
BIOTIN||
RESVERATROL||
UBIQUINONE||
GLUTATHIONE||
PEG-8||
PEG-4||
POLYGLYCERYL-3 DIISOSTEARATE||
POLYGLYCERYL-2 TRIISOSTEARATE||
TRIETHYLHEXANOIN||
CAPRYLYL METHICONE||
PHENYL TRIMETHICONE||
ISODODECANE||
HYDROGENATED POLYISOBUTENE||
POLYISOBUTENE||
BUTYLOCTYL SALICYLATE||
ADIPIC ACID||
TREHALOSE||
SORBITOL||
XYLITOL||
MALTODEXTRIN||
SODIUM GLUCONATE||
AMMONIUM ACRYLOYLDIMETHYLTAURATE/VP COPOLYMER||
VP/VA COPOLYMER||
POLYQUATERNIUM-10||
BEHENTRIMONIUM CHLORIDE||
CETRIMONIUM CHLORIDE||
STEARAMIDOPROPYL DIMETHYLAMINE||
AMODIMETHICONE||
DISODIUM COCOAMPHODIACETATE||
